name,sector,score,state,cap_band,emp_band,num_emp
"10X GENOMICS, INC","Health Care","0","California","0b - 15b","0 - 7,000","1200"
"4D MOLECULAR THERAPEUTICS, INC","Health Care","0","California","0b - 15b","0 - 7,000","140"
"8X8","Information Technology","0","California","0b - 15b","0 - 7,000","1900"
"A10 NETWORKS, INC","Information Technology","0","California","0b - 15b","0 - 7,000","580"
"AARDVARK THERAPEUTICS, INC","Health Care","0","California","0b - 15b","0 - 7,000","20"
"ACADIA PHARMACEUTICALS","Health Care","0","California","0b - 15b","0 - 7,000","540"
"ACM RESEARCH, INC","Information Technology","0","California","0b - 15b","0 - 7,000","1200"
"ADEIA INC","Information Technology","3","California","0b - 15b","0 - 7,000","130"
"ADOBE INC","Information Technology","41","California","75b+","14,000 - 30,000","29200"
"ADVANCED MICRO DEVICES","Information Technology","41","California","75b+","14,000 - 30,000","25000"
"ADVANTAGE SOLUTIONS INC","Communication Services","3","California","0b - 15b","14,000 - 30,000","22000"
"AEHR TEST SYSTEMS","Information Technology","0","California","0b - 15b","0 - 7,000","100"
"AELUMA, INC","Information Technology","0","California","0b - 15b","0 - 7,000","10"
"AEVA TECHNOLOGIES, INC","Information Technology","0","California","0b - 15b","0 - 7,000","310"
"AFFIRM HOLDINGS, INC","Financials","7","California","0b - 15b","0 - 7,000","2200"
"AGILENT TECHNOLOGIES, INC","Health Care","3","California","25b - 35b","14,000 - 30,000","18300"
"AIRBNB, INC","Consumer Discretionary","6","California","75b+","0 - 7,000","6800"
"ALECTOR, INC","Health Care","2","California","0b - 15b","0 - 7,000","240"
"ALEXANDRIA REAL ESTATE EQUITIES, INC","Real Estate","41","California","15b - 25b","0 - 7,000","590"
"ALIGNMENT HEALTHCARE, INC","Health Care","0","California","0b - 15b","0 - 7,000","1000"
"ALLOGENE THERAPEUTICS, INC","Health Care","7","California","0b - 15b","0 - 7,000","360"
"ALPHA AND OMEGA SEMICONDUCTOR","Information Technology","39","California","0b - 15b","0 - 7,000","2500"
"ALPHA TEKNOVA, INC","Health Care","3","California","0b - 15b","0 - 7,000","170"
"ALPHABET INC","Communication Services","44","California","75b+","60,000+","181800"
"ALPHATEC HOLDINGS, INC","Health Care","0","California","0b - 15b","0 - 7,000","700"
"ALUMIS INC","Health Care","44","California","0b - 15b","0 - 7,000","140"
"AMBARELLA","Information Technology","2","California","0b - 15b","0 - 7,000","940"
"AMERICAN ASSETS TRUST, INC","Real Estate","3","California","0b - 15b","0 - 7,000","220"
"AMERICAN HEALTHCARE REIT, INC","Real Estate","0","California","0b - 15b","0 - 7,000","110"
"AMERICAN STATES WATER","Utilities","33","California","0b - 15b","0 - 7,000","810"
"AMERICAN VANGUARD","Materials","37","California","0b - 15b","0 - 7,000","820"
"AMGEN","Health Care","11","California","75b+","14,000 - 30,000","25200"
"AMPHASTAR PHARMACEUTICALS, INC","Health Care","0","California","0b - 15b","0 - 7,000","1600"
"AMPLITUDE, INC","Information Technology","4","California","0b - 15b","0 - 7,000","740"
"ANAPTYSBIO","Health Care","0","California","0b - 15b","0 - 7,000","100"
"ANNEXON, INC","Health Care","8","California","0b - 15b","0 - 7,000","80"
"APPFOLIO","Information Technology","9","California","0b - 15b","0 - 7,000","1500"
"APPLE INC","Information Technology","26","California","75b+","60,000+","164000"
"APPLIED MATERIALS","Information Technology","22","California","75b+","30,000 - 60,000","33000"
"APPLOVIN","Information Technology","0","California","0b - 15b","0 - 7,000","1700"
"ARCHER AVIATION INC","Industrials","0","California","0b - 15b","0 - 7,000","390"
"ARCTURUS THERAPEUTICS HOLDINGS INC","Health Care","0","California","0b - 15b","0 - 7,000","170"
"ARCUS BIOSCIENCES, INC","Health Care","2","California","0b - 15b","0 - 7,000","500"
"ARCUTIS BIOTHERAPEUTICS, INC","Health Care","0","California","0b - 15b","0 - 7,000","270"
"ARDELYX, INC","Health Care","2","California","0b - 15b","0 - 7,000","130"
"ARES MANAGEMENT","Financials","0","California","25b - 35b","0 - 7,000","2600"
"ARISTA NETWORKS, INC","Information Technology","2","California","35b - 75b","0 - 7,000","3600"
"ARLO TECHNOLOGIES, INC","Information Technology","2","California","0b - 15b","0 - 7,000","340"
"ARROWHEAD PHARMACEUTICALS, INC","Health Care","0","California","0b - 15b","0 - 7,000","400"
"ARS PHARMACEUTICALS, INC","Health Care","0","California","0b - 15b","0 - 7,000","30"
"ARTERIS, INC","Information Technology","0","California","0b - 15b","0 - 7,000","250"
"ASANA, INC","Information Technology","16","California","0b - 15b","0 - 7,000","1800"
"ASTERA LABS, INC","Information Technology","13","California","0b - 15b","0 - 7,000","270"
"ASTRANA HEALTH, INC","Health Care","0","California","0b - 15b","0 - 7,000","1400"
"ATLASSIAN","Information Technology","22","California","35b - 75b","7,000 - 14,000","10700"
"ATOMERA","Information Technology","0","California","0b - 15b","0 - 7,000","20"
"Atrium Therapeutics, Inc","Health Care","0","California","0b - 15b","0 - 7,000","50"
"ATYR PHARMA","Health Care","5","California","0b - 15b","0 - 7,000","60"
"AUTODESK, INC","Information Technology","43","California","35b - 75b","7,000 - 14,000","13700"
"AVITA MEDICAL, INC","Health Care","0","California","0b - 15b","0 - 7,000","130"
"BACKBLAZE, INC","Information Technology","0","California","0b - 15b","0 - 7,000","380"
"BANC OF CALIFORNIA, INC","Financials","10","California","0b - 15b","0 - 7,000","680"
"BANK OF MARIN BANCORP","Financials","6","California","0b - 15b","0 - 7,000","310"
"BAYCOM","Financials","0","California","0b - 15b","0 - 7,000","370"
"BEAUTY HEALTH","Consumer Staples","6","California","0b - 15b","0 - 7,000","1000"
"BENITEC BIOPHARMA INC","Health Care","6","California","0b - 15b","0 - 7,000","20"
"BETA BIONICS, INC","Health Care","0","California","0b - 15b","0 - 7,000","290"
"BEYOND MEAT, INC","Consumer Staples","24","California","0b - 15b","0 - 7,000","790"
"BIO RAD LABORATORIES, INC","Health Care","2","California","0b - 15b","7,000 - 14,000","8200"
"BIOAGE LABS, INC","Health Care","0","California","0b - 15b","0 - 7,000","60"
"BIOMARIN PHARMACEUTICAL","Health Care","9","California","15b - 25b","0 - 7,000","3100"
"BITDEER TECHNOLOGIES GROUP","Information Technology","6","California","0b - 15b","0 - 7,000","250"
"BJS RESTAURANTS","Consumer Discretionary","0","California","0b - 15b","14,000 - 30,000","22000"
"BLACKLINE, INC","Information Technology","8","California","0b - 15b","0 - 7,000","1800"
"BLAIZE HOLDINGS, INC","Information Technology","0","California","0b - 15b","0 - 7,000","230"
"BLEND LABS, INC","Information Technology","10","California","0b - 15b","0 - 7,000","880"
"BLOCK, INC","Financials","27","California","25b - 35b","7,000 - 14,000","12400"
"BLOOM ENERGY","Industrials","16","California","0b - 15b","0 - 7,000","2500"
"BOOT BARN HOLDINGS, INC","Consumer Discretionary","0","California","0b - 15b","0 - 7,000","2700"
"BOX","Information Technology","6","California","0b - 15b","0 - 7,000","2500"
"BRIDGEBIO PHARMA, INC","Health Care","32","California","0b - 15b","0 - 7,000","390"
"BRIGHTSPIRE CAPITAL, INC","Financials","28","California","0b - 15b","0 - 7,000","50"
"BROADCOM INC","Information Technology","26","California","75b+","14,000 - 30,000","20000"
"C3.AI, INC","Information Technology","0","California","0b - 15b","0 - 7,000","910"
"CADENCE DESIGN SYSTEMS","Information Technology","26","California","35b - 75b","7,000 - 14,000","10200"
"CADIZ","Utilities","0","California","0b - 15b","0 - 7,000","10"
"CALIFORNIA BANCORP \ CA","Financials","4","California","0b - 15b","0 - 7,000","200"
"CALIFORNIA RESOURCES","Energy","0","California","0b - 15b","0 - 7,000","1100"
"CALIFORNIA WATER SERVICE GROUP","Utilities","29","California","0b - 15b","0 - 7,000","1200"
"CALIX","Information Technology","4","California","0b - 15b","0 - 7,000","1400"
"Callaway Golf","Consumer Discretionary","0","California","0b - 15b","30,000 - 60,000","32000"
"CAPRICOR THERAPEUTICS, INC","Health Care","0","California","0b - 15b","0 - 7,000","100"
"CARDIFF ONCOLOGY, INC","Health Care","0","California","0b - 15b","0 - 7,000","30"
"CAREDX, INC","Health Care","8","California","0b - 15b","0 - 7,000","730"
"CARETRUST REIT, INC","Real Estate","0","California","0b - 15b","0 - 7,000","20"
"CARLSMED, INC","Health Care","0","California","0b - 15b","0 - 7,000","90"
"CATHAY GENERAL BANCORP","Financials","8","California","0b - 15b","0 - 7,000","1200"
"CENTRAL GARDEN AND PET","Consumer Staples","2","California","0b - 15b","0 - 7,000","6400"
"CERIBELL, INC","Health Care","0","California","0b - 15b","0 - 7,000","280"
"CERUS","Health Care","8","California","0b - 15b","0 - 7,000","310"
"CG ONCOLOGY, INC","Health Care","0","California","0b - 15b","0 - 7,000","60"
"CHEESECAKE FACTORY","Consumer Discretionary","3","California","0b - 15b","30,000 - 60,000","47500"
"CHEVRON","Energy","28","California","75b+","30,000 - 60,000","43800"
"CHIPOTLE MEXICAN GRILL","Consumer Discretionary","33","California","35b - 75b","60,000+","105000"
"CISCO SYSTEMS, INC","Information Technology","26","California","75b+","60,000+","84900"
"CLEAN ENERGY FUELS CORP","Energy","4","California","0b - 15b","0 - 7,000","500"
"CLEARPOINT NEURO, INC","Health Care","0","California","0b - 15b","0 - 7,000","120"
"CLOROX","Consumer Staples","6","California","15b - 25b","7,000 - 14,000","8700"
"CLOUDFLARE, INC","Information Technology","8","California","15b - 25b","0 - 7,000","3400"
"CODEXIS, INC","Health Care","0","California","0b - 15b","0 - 7,000","250"
"COHERUS ONCOLOGY, INC","Health Care","0","California","0b - 15b","0 - 7,000","290"
"COHU","Information Technology","29","California","0b - 15b","0 - 7,000","3200"
"COMMUNITY WEST BANCSHARES","Financials","0","California","0b - 15b","0 - 7,000","250"
"COMPLETE SOLARIA, INC.","Information Technology","0","California","0b - 15b","0 - 7,000","600"
"CONCENTRIX","Industrials","0","California","0b - 15b","60,000+","315000"
"CONSENSUS CLOUD SOLUTIONS, INC","Information Technology","6","California","0b - 15b","0 - 7,000","580"
"CONSUMER PORTFOLIO SERVICES, INC","Financials","0","California","0b - 15b","0 - 7,000","800"
"COOPER COMPANIES, INC","Health Care","38","California","15b - 25b","14,000 - 30,000","14000"
"CORCEPT THERAPEUTICS","Health Care","0","California","0b - 15b","0 - 7,000","300"
"CORSAIR GAMING, INC","Information Technology","3","California","0b - 15b","0 - 7,000","2500"
"CORVEL","Health Care","11","California","0b - 15b","0 - 7,000","4400"
"CORVUS PHARMACEUTICALS, INC","Health Care","0","California","0b - 15b","0 - 7,000","30"
"COURSERA, INC","Consumer Discretionary","6","California","0b - 15b","0 - 7,000","1400"
"CREDO TECHNOLOGY GROUP HOLDING","Information Technology","6","California","0b - 15b","0 - 7,000","440"
"CRINETICS PHARMACEUTICALS, INC","Health Care","0","California","0b - 15b","0 - 7,000","210"
"CVB FINANCIAL","Financials","0","California","0b - 15b","0 - 7,000","1100"
"CYTEK BIOSCIENCES, INC","Health Care","0","California","0b - 15b","0 - 7,000","700"
"CYTOKINETICS","Health Care","0","California","0b - 15b","0 - 7,000","410"
"DAILY JOURNAL","Communication Services","0","California","0b - 15b","0 - 7,000","320"
"DAVE INC","Financials","0","California","0b - 15b","0 - 7,000","280"
"DECKERS OUTDOOR","Consumer Discretionary","26","California","0b - 15b","0 - 7,000","4200"
"DENALI THERAPEUTICS INC","Health Care","0","California","0b - 15b","0 - 7,000","440"
"DESIGN THERAPEUTICS, INC","Health Care","0","California","0b - 15b","0 - 7,000","70"
"DEXCOM","Health Care","36","California","35b - 75b","7,000 - 14,000","7500"
"DINE BRANDS GLOBAL, INC","Consumer Discretionary","13","California","0b - 15b","0 - 7,000","640"
"DOCUSIGN, INC","Information Technology","26","California","0b - 15b","7,000 - 14,000","7300"
"DOLBY LABORATORIES, INC","Information Technology","14","California","0b - 15b","0 - 7,000","2300"
"DOORDASH, INC","Consumer Discretionary","23","California","25b - 35b","14,000 - 30,000","16800"
"DOUGLAS EMMETT","Real Estate","0","California","0b - 15b","0 - 7,000","750"
"DOXIMITY, INC","Health Care","0","California","0b - 15b","0 - 7,000","980"
"DROPBOX, INC","Information Technology","6","California","0b - 15b","0 - 7,000","3100"
"DUCOMMUN","Industrials","2","California","0b - 15b","0 - 7,000","2500"
"E.L.F. BEAUTY, INC","Consumer Staples","8","California","0b - 15b","0 - 7,000","480"
"EAST WEST BANCORP","Financials","10","California","0b - 15b","0 - 7,000","3200"
"EBAY","Consumer Discretionary","98","California","15b - 25b","7,000 - 14,000","11600"
"EDISON INTERNATIONAL","Utilities","34","California","25b - 35b","7,000 - 14,000","13400"
"EDWARDS LIFESCIENCES","Health Care","43","California","35b - 75b","14,000 - 30,000","17300"
"EGAIN","Information Technology","6","California","0b - 15b","0 - 7,000","690"
"EHEALTH, INC","Financials","6","California","0b - 15b","0 - 7,000","1800"
"EL POLLO LOCO HOLDINGS, INC","Consumer Discretionary","6","California","0b - 15b","0 - 7,000","4900"
"ELECTRONIC ARTS INC","Communication Services","40","California","25b - 35b","7,000 - 14,000","13400"
"ELEDON PHARMACEUTICALS, INC","Health Care","0","California","0b - 15b","0 - 7,000","30"
"EMERALD HOLDING, INC","Communication Services","0","California","0b - 15b","0 - 7,000","760"
"ENCORE CAPITAL GROUP","Financials","0","California","0b - 15b","0 - 7,000","6900"
"ENERGY RECOVERY, INC","Industrials","3","California","0b - 15b","0 - 7,000","250"
"ENOVIX","Industrials","36","California","0b - 15b","0 - 7,000","340"
"ENPHASE ENERGY, INC","Information Technology","17","California","15b - 25b","0 - 7,000","2800"
"ENSIGN GROUP","Health Care","9","California","0b - 15b","14,000 - 30,000","29900"
"ENTRAVISION COMMUNICATIONS","Communication Services","0","California","0b - 15b","0 - 7,000","1300"
"ENVISTA HOLDINGS","Health Care","10","California","0b - 15b","7,000 - 14,000","12700"
"EQUINIX","Real Estate","11","California","35b - 75b","7,000 - 14,000","12100"
"ERASCA, INC","Health Care","0","California","0b - 15b","0 - 7,000","130"
"ESSEX PROPERTY TRUST, INC","Real Estate","28","California","0b - 15b","0 - 7,000","1800"
"Everpure Inc","Information Technology","23","California","0b - 15b","0 - 7,000","5100"
"EVGO INC","Consumer Discretionary","11","California","0b - 15b","0 - 7,000","290"
"EVOLUS, INC","Health Care","0","California","0b - 15b","0 - 7,000","220"
"EVOMMUNE INC","Health Care","0","California","0b - 15b","0 - 7,000","50"
"EXELIXIS, INC","Health Care","18","California","0b - 15b","0 - 7,000","1200"
"EXPONENT","Industrials","0","California","0b - 15b","0 - 7,000","1300"
"FARADAY FUTURE INTELLIGENT ELECTRIC INC","Consumer Discretionary","6","California","0b - 15b","0 - 7,000","250"
"FASTLY, INC","Information Technology","3","California","0b - 15b","0 - 7,000","1100"
"FATE THERAPEUTICS","Health Care","0","California","0b - 15b","0 - 7,000","550"
"FIGS, INC","Consumer Discretionary","6","California","0b - 15b","0 - 7,000","310"
"FIRST AMERICAN FINANCIAL","Financials","3","California","0b - 15b","14,000 - 30,000","21200"
"FIRST TRACKS BIOTHERAPEUTICS, INC","Health Care","0","California","0b - 15b","0 - 7,000","100"
"FIVE STAR BANCORP","Financials","0","California","0b - 15b","0 - 7,000","180"
"FIVE9, INC","Information Technology","4","California","0b - 15b","0 - 7,000","2400"
"FORMFACTOR","Information Technology","0","California","0b - 15b","0 - 7,000","2100"
"FORTINET, INC","Information Technology","40","California","35b - 75b","7,000 - 14,000","13700"
"FOUR CORNERS PROPERTY TRUST, INC","Real Estate","0","California","0b - 15b","0 - 7,000","540"
"FRANKLIN RESOURCES","Financials","8","California","0b - 15b","7,000 - 14,000","9300"
"FRESHWORKS INC","Information Technology","0","California","0b - 15b","0 - 7,000","5400"
"FULGENT GENETICS, INC","Health Care","0","California","0b - 15b","0 - 7,000","1000"
"GAP","Consumer Discretionary","33","California","0b - 15b","60,000+","95000"
"GERON","Health Care","0","California","0b - 15b","0 - 7,000","110"
"GIGACLOUD TECHNOLOGY","Consumer Discretionary","0","California","0b - 15b","0 - 7,000","1400"
"GILEAD SCIENCES, INC","Health Care","46","California","75b+","14,000 - 30,000","17000"
"GITLAB INC","Information Technology","10","California","0b - 15b","0 - 7,000","2200"
"GLAUKOS","Health Care","30","California","0b - 15b","0 - 7,000","780"
"GOLD.COM, INC","Financials","0","California","0b - 15b","0 - 7,000","380"
"GOSSAMER BIO, INC","Health Care","8","California","0b - 15b","0 - 7,000","140"
"GRAIL, INC","Health Care","28","California","0b - 15b","0 - 7,000","1400"
"GRANITE CONSTRUCTION","Industrials","13","California","0b - 15b","0 - 7,000","2000"
"GRID DYNAMICS HOLDINGS, INC","Information Technology","3","California","0b - 15b","0 - 7,000","3900"
"GRINDR INC","Communication Services","4","California","0b - 15b","0 - 7,000","170"
"GROCERY OUTLET HOLDING CORP","Consumer Staples","30","California","0b - 15b","0 - 7,000","860"
"GUARDANT HEALTH, INC","Health Care","7","California","0b - 15b","0 - 7,000","1800"
"GUIDEWIRE SOFTWARE, INC","Information Technology","7","California","0b - 15b","0 - 7,000","3400"
"GYRE THERAPEUTICS, INC","Health Care","0","California","0b - 15b","0 - 7,000","590"
"H2O AMERICA","Utilities","0","California","0b - 15b","0 - 7,000","760"
"HALOZYME THERAPEUTICS, INC","Health Care","4","California","0b - 15b","0 - 7,000","390"
"HANMI FINANCIAL","Financials","0","California","0b - 15b","0 - 7,000","630"
"HARMONIC INC","Information Technology","26","California","0b - 15b","0 - 7,000","980"
"HERBALIFE LTD","Consumer Staples","6","California","0b - 15b","7,000 - 14,000","10100"
"HERON THERAPEUTICS, INC","Health Care","8","California","0b - 15b","0 - 7,000","200"
"HIMS AND HERS HEALTH, INC","Health Care","0","California","0b - 15b","0 - 7,000","650"
"HIPPO HOLDINGS INC","Financials","0","California","0b - 15b","0 - 7,000","590"
"HONEST COMPANY, INC","Consumer Staples","6","California","0b - 15b","0 - 7,000","180"
"HOPE BANCORP","Financials","0","California","0b - 15b","0 - 7,000","1500"
"HOULIHAN LOKEY, INC","Financials","8","California","0b - 15b","0 - 7,000","2600"
"HP","Information Technology","52","California","25b - 35b","30,000 - 60,000","58000"
"HUDSON PACIFIC PROPERTIES, INC","Real Estate","26","California","0b - 15b","0 - 7,000","880"
"ICHOR HOLDINGS, LTD","Information Technology","0","California","0b - 15b","0 - 7,000","2300"
"ICU MEDICAL INC","Health Care","9","California","0b - 15b","14,000 - 30,000","14500"
"IDEAYA BIOSCIENCES, INC","Health Care","10","California","0b - 15b","0 - 7,000","120"
"ILLUMINA, INC","Health Care","17","California","25b - 35b","7,000 - 14,000","11500"
"IMMUNITYBIO, INC","Health Care","6","California","0b - 15b","0 - 7,000","680"
"INDIE SEMICONDUCTOR, INC","Information Technology","6","California","0b - 15b","0 - 7,000","600"
"INGRAM MICRO HOLDING","Information Technology","0","California","0b - 15b","14,000 - 30,000","23500"
"INHIBRX BIOSCIENCES, INC","Health Care","0","California","0b - 15b","0 - 7,000","170"
"INNOVIVA, INC","Health Care","2","California","0b - 15b","0 - 7,000","100"
"INOGEN","Health Care","0","California","0b - 15b","0 - 7,000","1000"
"INSEEGO CORP","Information Technology","2","California","0b - 15b","0 - 7,000","220"
"INTAPP, INC","Information Technology","0","California","0b - 15b","0 - 7,000","1200"
"INTEL","Information Technology","49","California","75b+","60,000+","131900"
"INTUIT INC","Information Technology","38","California","75b+","14,000 - 30,000","18200"
"INTUITIVE SURGICAL","Health Care","37","California","75b+","7,000 - 14,000","12100"
"IONIS PHARMACEUTICALS","Health Care","4","California","0b - 15b","0 - 7,000","800"
"IOVANCE BIOTHERAPEUTICS, INC","Health Care","0","California","0b - 15b","0 - 7,000","500"
"IRHYTHM TECHNOLOGIES, INC","Health Care","9","California","0b - 15b","0 - 7,000","1800"
"ISPIRE TECHNOLOGY INC","Materials","55","California","0b - 15b","0 - 7,000","70"
"JACK IN THE BOX","Consumer Discretionary","4","California","0b - 15b","0 - 7,000","1000"
"JAKKS PACIFIC","Consumer Discretionary","0","California","0b - 15b","0 - 7,000","620"
"JANUX THERAPEUTICS, INC","Health Care","0","California","0b - 15b","0 - 7,000","60"
"JOBY AVIATION, INC","Industrials","2","California","0b - 15b","0 - 7,000","1400"
"KAISER ALUMINUM","Materials","26","California","0b - 15b","0 - 7,000","4000"
"KARAT PACKAGING INC","Industrials","0","California","0b - 15b","0 - 7,000","780"
"KARMAN HOLDINGS INC","Industrials","0","California","0b - 15b","0 - 7,000","1100"
"KB HOME","Consumer Discretionary","2","California","0b - 15b","0 - 7,000","2400"
"KENNEDY WILSON HOLDINGS, INC","Real Estate","6","California","0b - 15b","0 - 7,000","220"
"KEYSIGHT TECHNOLOGIES, INC","Information Technology","15","California","15b - 25b","14,000 - 30,000","14800"
"KILROY REALTY","Real Estate","8","California","0b - 15b","0 - 7,000","260"
"KLA","Information Technology","7","California","35b - 75b","14,000 - 30,000","15000"
"KODIAK SCIENCES INC","Health Care","0","California","0b - 15b","0 - 7,000","120"
"KOLIBRI GLOBAL ENERGY INC","Energy","0","California","0b - 15b","0 - 7,000","10"
"KORN FERRY","Industrials","6","California","0b - 15b","7,000 - 14,000","10700"
"KRATOS DEFENSE AND SECURITY SOLUTIONS, INC","Industrials","6","California","0b - 15b","0 - 7,000","3600"
"KURA ONCOLOGY, INC","Health Care","0","California","0b - 15b","0 - 7,000","130"
"KURA SUSHI USA, INC","Consumer Discretionary","0","California","0b - 15b","0 - 7,000","2100"
"LAM RESEARCH","Information Technology","36","California","75b+","14,000 - 30,000","17200"
"LEGALZOOM.COM, INC","Industrials","0","California","0b - 15b","0 - 7,000","1400"
"LENDINGCLUB","Financials","8","California","0b - 15b","0 - 7,000","1600"
"LENZ THERAPEUTICS, INC","Health Care","0","California","0b - 15b","0 - 7,000","10"
"LIFE360, INC","Information Technology","6","California","0b - 15b","0 - 7,000","380"
"LIGAND PHARMACEUTICALS","Health Care","0","California","0b - 15b","0 - 7,000","80"
"LIMONEIRA","Consumer Staples","6","California","0b - 15b","0 - 7,000","260"
"LIONSGATE STUDIOS CORP","Communication Services","6","California","0b - 15b","0 - 7,000","1700"
"LIVE NATION ENTERTAINMENT, INC","Communication Services","6","California","15b - 25b","7,000 - 14,000","12800"
"LIVERAMP HOLDINGS, INC","Information Technology","0","California","0b - 15b","0 - 7,000","1400"
"LOANDEPOT, INC","Financials","6","California","0b - 15b","0 - 7,000","4500"
"LPL FINANCIAL HOLDINGS INC","Financials","9","California","15b - 25b","7,000 - 14,000","7300"
"LTC PROPERTIES","Real Estate","6","California","0b - 15b","0 - 7,000","20"
"LUCID GROUP, INC","Consumer Discretionary","7","California","0b - 15b","7,000 - 14,000","7200"
"LUMENTUM HOLDINGS INC","Information Technology","27","California","0b - 15b","7,000 - 14,000","7500"
"LYFT, INC","Industrials","16","California","0b - 15b","0 - 7,000","4400"
"MACERICH","Real Estate","65","California","0b - 15b","0 - 7,000","650"
"MAPLEBEAR INC","Consumer Discretionary","0","California","0b - 15b","0 - 7,000","3400"
"MARAVAI LIFESCIENCES HOLDINGS, INC","Health Care","6","California","0b - 15b","0 - 7,000","660"
"MARCUS AND MILLICHAP, INC","Real Estate","0","California","0b - 15b","0 - 7,000","890"
"MARQETA, INC","Financials","10","California","0b - 15b","0 - 7,000","960"
"MASIMO","Health Care","6","California","0b - 15b","0 - 7,000","4000"
"MATTEL","Consumer Discretionary","35","California","0b - 15b","30,000 - 60,000","33900"
"MAXLINEAR","Information Technology","8","California","0b - 15b","0 - 7,000","1800"
"MAZE THERAPEUTICS, INC","Health Care","0","California","0b - 15b","0 - 7,000","120"
"MCGRATH RENTCORP","Industrials","0","California","0b - 15b","0 - 7,000","1200"
"MEDIAALPHA, INC","Communication Services","0","California","0b - 15b","0 - 7,000","160"
"MERCURY GENERAL","Financials","0","California","0b - 15b","0 - 7,000","4300"
"META PLATFORMS, INC","Communication Services","0","California","75b+","60,000+","71500"
"MIRUM PHARMACEUTICALS, INC","Health Care","6","California","0b - 15b","0 - 7,000","210"
"MISSION PRODUCE, INC","Consumer Staples","0","California","0b - 15b","0 - 7,000","3900"
"MITEK SYSTEMS","Information Technology","6","California","0b - 15b","0 - 7,000","560"
"MOLINA HEALTHCARE, INC","Health Care","0","California","15b - 25b","14,000 - 30,000","15000"
"MONSTER BEVERAGE","Consumer Staples","8","California","35b - 75b","0 - 7,000","5300"
"MOTORCAR PARTS OF AMERICA","Consumer Discretionary","8","California","0b - 15b","0 - 7,000","5900"
"NAVITAS SEMICONDUCTOR","Information Technology","0","California","0b - 15b","0 - 7,000","230"
"NERDWALLET, INC","Financials","10","California","0b - 15b","0 - 7,000","770"
"NETAPP, INC","Information Technology","18","California","15b - 25b","7,000 - 14,000","12000"
"NETFLIX","Communication Services","65","California","75b+","7,000 - 14,000","12800"
"NETGEAR, INC","Information Technology","31","California","0b - 15b","0 - 7,000","690"
"NEUROCRINE BIOSCIENCES","Health Care","13","California","0b - 15b","0 - 7,000","1200"
"NEUROPACE","Health Care","0","California","0b - 15b","0 - 7,000","170"
"NEXTDOOR HOLDINGS, INC","Communication Services","0","California","0b - 15b","0 - 7,000","700"
"NEXTRACKER INC.","Information Technology","6","California","0b - 15b","0 - 7,000","610"
"NIAGEN BIOSCIENCE, INC","Health Care","0","California","0b - 15b","0 - 7,000","110"
"NKARTA, INC","Health Care","0","California","0b - 15b","0 - 7,000","170"
"NMI HOLDINGS, INC","Financials","6","California","0b - 15b","0 - 7,000","240"
"NURIX THERAPEUTICS, INC","Health Care","22","California","0b - 15b","0 - 7,000","300"
"NUTANIX, INC","Information Technology","8","California","0b - 15b","0 - 7,000","6400"
"NUVATION BIO INC","Health Care","1","California","0b - 15b","0 - 7,000","50"
"NVIDIA","Information Technology","44","California","75b+","14,000 - 30,000","26200"
"OAK VALLEY BANCORP","Financials","0","California","0b - 15b","0 - 7,000","170"
"OKLO INC","Industrials","0","California","0b - 15b","0 - 7,000","120"
"OKTA, INC","Information Technology","38","California","0b - 15b","0 - 7,000","5800"
"OLAPLEX HOLDINGS, INC","Consumer Staples","8","California","0b - 15b","0 - 7,000","170"
"OLEMA PHARMACEUTICALS, INC","Health Care","8","California","0b - 15b","0 - 7,000","70"
"OMADA HEALTH, INC","Health Care","0","California","0b - 15b","0 - 7,000","870"
"OMNIAB, INC","Health Care","6","California","0b - 15b","0 - 7,000","100"
"ONCOLOGY INSTITUTE, INC","Health Care","0","California","0b - 15b","0 - 7,000","820"
"Onterris Inc","Industrials","6","California","0b - 15b","0 - 7,000","3600"
"OOMA","Communication Services","0","California","0b - 15b","0 - 7,000","450"
"OP BANCORP","Financials","6","California","0b - 15b","0 - 7,000","230"
"OPORTUN FINANCIAL","Financials","28","California","0b - 15b","0 - 7,000","2400"
"ORIC PHARMACEUTICALS, INC","Health Care","0","California","0b - 15b","0 - 7,000","90"
"ORUKA THERAPEUTICS, INC","Health Care","0","California","0b - 15b","0 - 7,000","40"
"OSI SYSTEMS","Information Technology","6","California","0b - 15b","0 - 7,000","6200"
"OUSTER, INC","Information Technology","0","California","0b - 15b","0 - 7,000","290"
"OUTSET MEDICAL, INC","Health Care","19","California","0b - 15b","0 - 7,000","350"
"PACIFIC BIOSCIENCES OF CALIFORNIA, INC","Health Care","0","California","0b - 15b","0 - 7,000","770"
"PAGERDUTY, INC","Information Technology","17","California","0b - 15b","0 - 7,000","1200"
"PALO ALTO NETWORKS","Information Technology","26","California","75b+","7,000 - 14,000","13900"
"PALOMAR HOLDINGS, INC","Financials","26","California","0b - 15b","0 - 7,000","190"
"PAYPAL HOLDINGS, INC","Financials","8","California","35b - 75b","14,000 - 30,000","29900"
"PCB BANCORP","Financials","6","California","0b - 15b","0 - 7,000","270"
"PDF SOLUTIONS","Information Technology","6","California","0b - 15b","0 - 7,000","460"
"PENGUIN SOLUTIONS, INC","Information Technology","0","California","0b - 15b","0 - 7,000","3600"
"PENNYMAC FINANCIAL SERVICES, INC","Financials","37","California","0b - 15b","0 - 7,000","4200"
"PENNYMAC MORTGAGE INVESTMENT TRUST","Financials","6","California","0b - 15b","0 - 7,000","0"
"PENUMBRA","Health Care","26","California","0b - 15b","0 - 7,000","3900"
"PERSONALIS, INC","Health Care","0","California","0b - 15b","0 - 7,000","220"
"PETCO HEALTH AND WELLNESS COMPANY, INC","Consumer Discretionary","6","California","0b - 15b","14,000 - 30,000","29000"
"PG AND E","Utilities","75","California","35b - 75b","0 - 7,000","10"
"PINTEREST, INC","Communication Services","35","California","15b - 25b","0 - 7,000","4000"
"PLANET LABS PBC","Industrials","11","California","0b - 15b","0 - 7,000","930"
"POWER INTEGRATIONS","Information Technology","26","California","0b - 15b","0 - 7,000","830"
"PREFERRED BANK","Financials","0","California","0b - 15b","0 - 7,000","300"
"PRICESMART","Consumer Staples","6","California","0b - 15b","7,000 - 14,000","10600"
"PRO DEX","Health Care","1","California","0b - 15b","0 - 7,000","150"
"PROCEPT BIOROBOTICS","Health Care","6","California","0b - 15b","0 - 7,000","430"
"PROCORE TECHNOLOGIES, INC","Information Technology","11","California","0b - 15b","0 - 7,000","3600"
"PROLOGIS, INC","Real Estate","11","California","75b+","0 - 7,000","2500"
"PROTAGONIST THERAPEUTICS","Health Care","8","California","0b - 15b","0 - 7,000","110"
"PUBLIC STORAGE","Real Estate","29","California","35b - 75b","0 - 7,000","5900"
"PUBMATIC, INC","Communication Services","17","California","0b - 15b","0 - 7,000","880"
"PULMONX","Health Care","0","California","0b - 15b","0 - 7,000","270"
"PULSE BIOSCIENCES, INC","Health Care","0","California","0b - 15b","0 - 7,000","60"
"PUMA BIOTECHNOLOGY, INC","Health Care","6","California","0b - 15b","0 - 7,000","180"
"QUALCOMM INC","Information Technology","26","California","75b+","30,000 - 60,000","51000"
"QUALYS, INC","Information Technology","6","California","0b - 15b","0 - 7,000","2100"
"QUANTUMSCAPE","Consumer Discretionary","8","California","0b - 15b","0 - 7,000","850"
"QUIDELORTHO","Health Care","21","California","0b - 15b","7,000 - 14,000","7000"
"QUINSTREET","Communication Services","6","California","0b - 15b","0 - 7,000","940"
"RADNET, INC","Health Care","6","California","0b - 15b","0 - 7,000","6900"
"RAMBUS","Information Technology","6","California","0b - 15b","0 - 7,000","760"
"RBB BANCORP","Financials","6","California","0b - 15b","0 - 7,000","380"
"REALTY INCOME","Real Estate","26","California","35b - 75b","0 - 7,000","390"
"REDDIT, INC","Communication Services","0","California","35b - 75b","0 - 7,000","2200"
"REDWOOD TRUST","Financials","18","California","0b - 15b","0 - 7,000","350"
"RESMED","Health Care","23","California","15b - 25b","7,000 - 14,000","10100"
"RESOURCES CONNECTION, INC","Industrials","6","California","0b - 15b","0 - 7,000","4100"
"REVOLUTION MEDICINES, INC","Health Care","8","California","0b - 15b","0 - 7,000","290"
"REVOLVE GROUP, INC","Consumer Discretionary","0","California","0b - 15b","0 - 7,000","1400"
"REXFORD INDUSTRIAL REALTY, INC","Real Estate","44","California","0b - 15b","0 - 7,000","220"
"REZOLUTE, INC","Health Care","0","California","0b - 15b","0 - 7,000","70"
"RH","Consumer Discretionary","0","California","0b - 15b","0 - 7,000","5500"
"RIGEL PHARMACEUTICALS","Health Care","6","California","0b - 15b","0 - 7,000","160"
"RIGETTI COMPUTING, INC","Information Technology","0","California","0b - 15b","0 - 7,000","130"
"RINGCENTRAL, INC","Information Technology","10","California","0b - 15b","0 - 7,000","3900"
"RIVIAN AUTOMOTIVE, INC. / DE","Consumer Discretionary","14","California","15b - 25b","14,000 - 30,000","14100"
"ROBERT HALF INC","Industrials","26","California","0b - 15b","14,000 - 30,000","16300"
"ROBINHOOD MARKETS, INC","Financials","0","California","0b - 15b","0 - 7,000","2300"
"ROBLOX","Communication Services","0","California","15b - 25b","0 - 7,000","2100"
"ROCKET LAB","Industrials","0","California","0b - 15b","0 - 7,000","1400"
"ROKU","Communication Services","1","California","0b - 15b","0 - 7,000","3600"
"ROSS STORES, INC","Consumer Discretionary","43","California","35b - 75b","60,000+","101000"
"RUBRIK, INC","Information Technology","0","California","15b - 25b","0 - 7,000","3100"
"RXSIGHT, INC","Health Care","0","California","0b - 15b","0 - 7,000","290"
"SABRA HEALTH CARE REIT, INC","Real Estate","9","California","0b - 15b","0 - 7,000","40"
"SALESFORCE, INC","Information Technology","31","California","75b+","60,000+","79400"
"SAMSARA INC","Information Technology","12","California","15b - 25b","0 - 7,000","2900"
"SANDISK","Information Technology","0","California","0b - 15b","7,000 - 14,000","12000"
"SANMINA","Information Technology","13","California","0b - 15b","30,000 - 60,000","34000"
"SEMPRA","Utilities","92","California","35b - 75b","14,000 - 30,000","15800"
"SEMTECH","Information Technology","6","California","0b - 15b","0 - 7,000","2200"
"SENTINELONE, INC","Information Technology","0","California","0b - 15b","0 - 7,000","2200"
"SEPTERNA, INC","Health Care","0","California","0b - 15b","0 - 7,000","80"
"SERVE ROBOTICS INC","Information Technology","0","California","0b - 15b","0 - 7,000","110"
"SERVICENOW, INC","Information Technology","20","California","75b+","14,000 - 30,000","20400"
"SI BONE, INC","Health Care","6","California","0b - 15b","0 - 7,000","360"
"SIERRA BANCORP","Financials","6","California","0b - 15b","0 - 7,000","440"
"SIGHT SCIENCES, INC","Health Care","0","California","0b - 15b","0 - 7,000","250"
"SILVACO GROUP, INC","Information Technology","0","California","0b - 15b","0 - 7,000","270"
"SIMPSON MANUFACTURING CO., INC","Industrials","8","California","0b - 15b","0 - 7,000","5500"
"SIMULATIONS PLUS, INC","Health Care","6","California","0b - 15b","0 - 7,000","160"
"SITIME","Information Technology","30","California","0b - 15b","0 - 7,000","380"
"SKYWORKS SOLUTIONS, INC","Information Technology","36","California","15b - 25b","7,000 - 14,000","11200"
"SMARTSTOP SELF STORAGE REIT, INC","Real Estate","0","California","0b - 15b","0 - 7,000","560"
"SOFI TECHNOLOGIES, INC","Financials","16","California","0b - 15b","0 - 7,000","4200"
"SONOS","Consumer Discretionary","10","California","0b - 15b","0 - 7,000","1800"
"SOUNDHOUND AI, INC","Information Technology","7","California","0b - 15b","0 - 7,000","430"
"SOUNDTHINKING, INC","Information Technology","10","California","0b - 15b","0 - 7,000","210"
"STAAR SURGICAL","Health Care","6","California","0b - 15b","0 - 7,000","880"
"STANDARD BIOTOOLS INC","Health Care","6","California","0b - 15b","0 - 7,000","530"
"STARZ ENTERTAINMENT","Communication Services","0","California","0b - 15b","0 - 7,000","1700"
"STITCH FIX, INC","Consumer Discretionary","11","California","0b - 15b","7,000 - 14,000","7900"
"SUMMIT THERAPEUTICS INC","Health Care","0","California","0b - 15b","0 - 7,000","80"
"SUNRUN INC","Industrials","6","California","0b - 15b","7,000 - 14,000","12400"
"SUNSTONE HOTEL INVESTORS, INC","Real Estate","8","California","0b - 15b","0 - 7,000","40"
"SUPER MICRO COMPUTER, INC","Information Technology","6","California","15b - 25b","0 - 7,000","5100"
"SWEETGREEN, INC","Consumer Discretionary","6","California","0b - 15b","0 - 7,000","6000"
"SYNAPTICS","Information Technology","6","California","0b - 15b","0 - 7,000","1900"
"SYNOPSYS","Information Technology","14","California","35b - 75b","14,000 - 30,000","19000"
"TANDEM DIABETES CARE","Health Care","6","California","0b - 15b","0 - 7,000","2600"
"TARSUS PHARMACEUTICALS, INC","Health Care","6","California","0b - 15b","0 - 7,000","90"
"TD SYNNEX","Information Technology","12","California","0b - 15b","14,000 - 30,000","23500"
"TEJON RANCH","Real Estate","6","California","0b - 15b","0 - 7,000","80"
"TELEDYNE TECHNOLOGIES","Information Technology","9","California","15b - 25b","14,000 - 30,000","14700"
"TERADATA","Information Technology","6","California","0b - 15b","7,000 - 14,000","7000"
"TERRENO REALTY","Real Estate","6","California","0b - 15b","0 - 7,000","40"
"TETRA TECH","Industrials","6","California","0b - 15b","14,000 - 30,000","21000"
"THEREALREAL, INC","Consumer Discretionary","10","California","0b - 15b","0 - 7,000","3000"
"THIRD HARMONIC BIO","Health Care","0","California","0b - 15b","0 - 7,000","30"
"THREDUP INC","Consumer Discretionary","0","California","0b - 15b","0 - 7,000","2400"
"TORRID HOLDINGS INC","Consumer Discretionary","9","California","0b - 15b","0 - 7,000","2100"
"TPG RE FINANCE TRUST, INC","Financials","0","California","0b - 15b","0 - 7,000","0"
"TRADE DESK, INC","Information Technology","6","California","35b - 75b","0 - 7,000","2800"
"TRAVERE THERAPEUTICS, INC","Health Care","6","California","0b - 15b","0 - 7,000","460"
"TRICO BANCSHARES","Financials","0","California","0b - 15b","0 - 7,000","1200"
"TRINET GROUP, INC","Industrials","0","California","0b - 15b","0 - 7,000","3600"
"TTM TECHNOLOGIES","Information Technology","6","California","0b - 15b","14,000 - 30,000","17800"
"TUTOR PERINI","Industrials","8","California","0b - 15b","7,000 - 14,000","8100"
"TWILIO","Information Technology","6","California","0b - 15b","7,000 - 14,000","8200"
"TWIST BIOSCIENCE","Health Care","6","California","0b - 15b","0 - 7,000","990"
"TYRA BIOSCIENCES, INC","Health Care","0","California","0b - 15b","0 - 7,000","40"
"UBER TECHNOLOGIES","Industrials","26","California","75b+","30,000 - 60,000","32800"
"ULTRA CLEAN HOLDINGS, INC","Information Technology","0","California","0b - 15b","7,000 - 14,000","7800"
"ULTRAGENYX PHARMACEUTICAL INC","Health Care","6","California","0b - 15b","0 - 7,000","1300"
"UNITY SOFTWARE INC","Information Technology","2","California","0b - 15b","7,000 - 14,000","7700"
"UPSTART HOLDINGS, INC","Financials","0","California","0b - 15b","0 - 7,000","1900"
"UPWORK","Industrials","26","California","0b - 15b","0 - 7,000","850"
"VAXCYTE, INC","Health Care","0","California","0b - 15b","0 - 7,000","160"
"VEEVA SYSTEMS","Health Care","8","California","35b - 75b","0 - 7,000","6700"
"VELOCITY FINANCIAL, INC","Financials","6","California","0b - 15b","0 - 7,000","190"
"VERA THERAPEUTICS, INC","Health Care","0","California","0b - 15b","0 - 7,000","50"
"VERACYTE, INC","Health Care","8","California","0b - 15b","0 - 7,000","790"
"VIANT TECHNOLOGY INC","Information Technology","0","California","0b - 15b","0 - 7,000","310"
"VIASAT","Information Technology","22","California","0b - 15b","0 - 7,000","6800"
"VIKING THERAPEUTICS, INC","Health Care","0","California","0b - 15b","0 - 7,000","30"
"VIR BIOTECHNOLOGY, INC","Health Care","26","California","0b - 15b","0 - 7,000","580"
"VIRCO MFG","Industrials","0","California","0b - 15b","0 - 7,000","780"
"VISA INC","Financials","26","California","75b+","14,000 - 30,000","26500"
"WALT DISNEY","Communication Services","74","California","75b+","60,000+","220000"
"WD 40","Consumer Staples","13","California","0b - 15b","0 - 7,000","580"
"WEALTHFRONT","Information Technology","0","California","0b - 15b","0 - 7,000","400"
"WEBTOON ENTERTAINMENT INC","Communication Services","0","California","0b - 15b","0 - 7,000","1900"
"WELLS FARGO AND COMPANY","Financials","46","California","75b+","60,000+","233800"
"WESTAMERICA BANCORPORATION","Financials","0","California","0b - 15b","0 - 7,000","590"
"WESTERN DIGITAL","Information Technology","42","California","0b - 15b","30,000 - 60,000","53000"
"WILLDAN GROUP, INC","Industrials","0","California","0b - 15b","0 - 7,000","1500"
"WILLIAMS SONOMA","Consumer Discretionary","2","California","0b - 15b","7,000 - 14,000","12500"
"WORKDAY, INC","Information Technology","10","California","35b - 75b","14,000 - 30,000","17900"
"XENCOR","Health Care","6","California","0b - 15b","0 - 7,000","280"
"XOMA ROYALTY","Health Care","6","California","0b - 15b","0 - 7,000","10"
"XPERI INC","Information Technology","8","California","0b - 15b","0 - 7,000","2100"
"XPONENTIAL FITNESS, INC","Consumer Discretionary","6","California","0b - 15b","0 - 7,000","310"
"YELP","Communication Services","17","California","0b - 15b","0 - 7,000","4900"
"ZEVIA PBC","Consumer Staples","5","California","0b - 15b","0 - 7,000","110"
"ZIPRECRUITER, INC","Communication Services","0","California","0b - 15b","0 - 7,000","1400"
"ZOOM COMMUNICATIONS, INC","Information Technology","6","California","15b - 25b","7,000 - 14,000","8500"
"ZSCALER, INC","Information Technology","6","California","15b - 25b","0 - 7,000","6000"
