rank,name
1,HP Inc
2,Union Pacific Corp
3,Hewlett Packard Enterprise Company
4,Dow Inc
5,S&P Global Inc
6,Micron Technology Inc
7,The Hartford Insurance Group
8,M&T Bank Corp
9,Accenture plc
10,Zillow Group Inc
11,PayPal Holdings Inc
12,Salesforce.com Inc
13,The Cigna Group
14,Ciena Corporation
15,ServiceNow Inc
16,NVIDIA Corp
17,Trane Technologies
18,Advanced Micro Devices Inc
19,Mastercard Inc
20,Applied Materials Inc
21,The Hershey Company
22,Verizon Communications Inc
23,The Allstate Corporation
24,Keysight Technologies Inc
25,NetApp Inc
26,Lear Corporation
27,Marathon Petroleum Corp
28,AbbVie Inc
29,Qualcomm Inc
30,Equinix Inc
31,Digital Realty Trust Inc
32,Intuit Inc
33,Prudential Financial Inc
34,Visa Inc
35,Lam Research Corp
36,Workday Inc
37,Eaton Corp plc
38,Jacobs Solutions Inc
39,Assurant Inc
40,Medtronic plc
41,NIKE Inc
42,Ball Corp
43,Analog Devices Inc
44,"Becton, Dickinson and Company"
45,Harley-Davidson Inc
46,Ecolab Inc
47,RTX Corp
48,Bank of New York - BNY
49,Merck & Co Inc
50,Hasbro Inc
51,Jones Lang LaSalle Inc
52,BlackRock Inc
53,Constellation Energy Corporation
53,Public Service Enterprise Group Inc
55,LyondellBasell Industries N.V.
56,Texas Instruments Inc
57,Boston Scientific Corp
58,Devon Energy Corp
59,Apple Inc
60,PNC Financial Services Group Inc
61,Huntington Bancshares Inc
62,Vertex Pharmaceuticals Inc
63,Marsh Insurance
64,Graphic Packaging Holding Co
65,Xylem Inc
66,Freeport-McMoRan Inc
67,CBRE Group Inc
68,Autodesk Inc
69,Johnson Controls International plc
70,Cheniere Energy Inc
71,Duke Energy Corporation
72,Owens Corning
73,Intel Corp
74,Starbucks Corporation
75,Humana Inc
76,Nasdaq Inc
77,Fifth Third Bancorp
78,Principal Financial Group Inc
79,Bristol-Myers Squibb Co
80,The Walt Disney Company
81,Lowe's Companies Inc
82,Akamai Technologies Inc
83,T-Mobile US Inc
84,General Mills Inc
85,Oracle Corporation
86,Fiserv
87,American Express Company
88,Cummins Inc
89,Elevance Health
90,Valero Energy Corp
91,KLA Corp
92,Illumina Inc
93,American Water Works Company Inc
94,PepsiCo Inc
95,Organon & Co
96,GE Vernova Inc
97,CVS Health Corporation
98,Colgate-Palmolive Company
99,Synopsys Inc
100,CoStar Group Inc
101,Western Digital Corp
102,Abbott Laboratories
103,Cirrus Logic Inc
104,Bath & Body Works Inc
105,Edison International
